product_id,image_url,upload_time,file_size
245011,https://files.manuscdn.com/user_upload_by_module/session_file/310419663031980410/nOvkjZsQztRfESyf.png,2026-01-07T08:52:44-05:00,210685
245030,https://files.manuscdn.com/user_upload_by_module/session_file/310419663031980410/gckmrvfVoNJDaAdU.png,2026-01-07T08:52:48-05:00,626889
245029,https://files.manuscdn.com/user_upload_by_module/session_file/310419663031980410/TJsFLdWMUMbgPwqQ.png,2026-01-07T08:52:52-05:00,745577
245031,https://files.manuscdn.com/user_upload_by_module/session_file/310419663031980410/onAtgDOdaezHPkiB.png,2026-01-07T08:52:56-05:00,687203
245032,https://files.manuscdn.com/user_upload_by_module/session_file/310419663031980410/PbUTVRvYEdsQHBsl.png,2026-01-07T08:53:01-05:00,823370
245034,https://files.manuscdn.com/user_upload_by_module/session_file/310419663031980410/AurkIybFdHyUVTJN.png,2026-01-07T08:53:06-05:00,671439
245036,https://files.manuscdn.com/user_upload_by_module/session_file/310419663031980410/NtPfQFZiJToophkt.png,2026-01-07T08:53:10-05:00,663113
245033,https://files.manuscdn.com/user_upload_by_module/session_file/310419663031980410/IGxQyekliJaSHzId.png,2026-01-07T08:53:14-05:00,693129
245035,https://files.manuscdn.com/user_upload_by_module/session_file/310419663031980410/xWwxwwrxewmSzueM.png,2026-01-07T08:53:18-05:00,650688
245037,https://files.manuscdn.com/user_upload_by_module/session_file/310419663031980410/zxKnhHnaDucSbunu.png,2026-01-07T08:53:23-05:00,718896
245041,https://files.manuscdn.com/user_upload_by_module/session_file/310419663031980410/dDcORpzOQgtAtobN.png,2026-01-07T08:53:27-05:00,729031
245039,https://files.manuscdn.com/user_upload_by_module/session_file/310419663031980410/VUaOOZkjRUrrQexH.png,2026-01-07T08:53:31-05:00,640840
245042,https://files.manuscdn.com/user_upload_by_module/session_file/310419663031980410/MKurBiwqckwJnqDw.png,2026-01-07T08:53:35-05:00,656486
245040,https://files.manuscdn.com/user_upload_by_module/session_file/310419663031980410/qaYBxnDffrCjHRLx.png,2026-01-07T08:53:40-05:00,785425
245038,https://files.manuscdn.com/user_upload_by_module/session_file/310419663031980410/spngHVPazoyZBZgV.png,2026-01-07T08:53:44-05:00,750170
245045,https://files.manuscdn.com/user_upload_by_module/session_file/310419663031980410/vvpQYGLSqcvapwAg.png,2026-01-07T08:53:49-05:00,761000
245043,https://files.manuscdn.com/user_upload_by_module/session_file/310419663031980410/sJaRLntbIWIIUkXH.png,2026-01-07T08:53:54-05:00,801680
245044,https://files.manuscdn.com/user_upload_by_module/session_file/310419663031980410/XNmgULvPokWMobCd.png,2026-01-07T08:53:58-05:00,721979
245047,https://files.manuscdn.com/user_upload_by_module/session_file/310419663031980410/WytBklNYbXAUoTaF.png,2026-01-07T08:54:03-05:00,661754
245046,https://files.manuscdn.com/user_upload_by_module/session_file/310419663031980410/ARPWYDmfgiarnncp.png,2026-01-07T08:54:07-05:00,837156
245052,https://files.manuscdn.com/user_upload_by_module/session_file/310419663031980410/yRSEnrTtViuwSSRu.png,2026-01-07T08:54:11-05:00,624740
245049,https://files.manuscdn.com/user_upload_by_module/session_file/310419663031980410/SuJMQssRrPYFZwzc.png,2026-01-07T08:54:15-05:00,755854
245050,https://files.manuscdn.com/user_upload_by_module/session_file/310419663031980410/WtfoTTEAQlanPmLn.png,2026-01-07T08:54:19-05:00,685355
245051,https://files.manuscdn.com/user_upload_by_module/session_file/310419663031980410/uDmobFXxOcDhouAi.png,2026-01-07T08:54:24-05:00,812466
245048,https://files.manuscdn.com/user_upload_by_module/session_file/310419663031980410/RdtBXOLVwMQAIvjo.png,2026-01-07T08:54:29-05:00,686790
245057,https://files.manuscdn.com/user_upload_by_module/session_file/310419663031980410/JpjSEJxTDHKcHAuu.png,2026-01-07T08:54:33-05:00,686994
245056,https://files.manuscdn.com/user_upload_by_module/session_file/310419663031980410/RRdokrFLIzLhSxrh.png,2026-01-07T08:54:37-05:00,803708
245055,https://files.manuscdn.com/user_upload_by_module/session_file/310419663031980410/dUTFJUNaoHjvoIqB.png,2026-01-07T08:54:42-05:00,626673
245053,https://files.manuscdn.com/user_upload_by_module/session_file/310419663031980410/hjINDodNspauGLfe.png,2026-01-07T08:54:47-05:00,655199
245054,https://files.manuscdn.com/user_upload_by_module/session_file/310419663031980410/sARYKbnGGMLhyzPJ.png,2026-01-07T08:54:51-05:00,234445
245058,https://files.manuscdn.com/user_upload_by_module/session_file/310419663031980410/sABtiSLFhuuAWojB.png,2026-01-07T08:54:56-05:00,679862
245061,https://files.manuscdn.com/user_upload_by_module/session_file/310419663031980410/vyqCQjnUtQDDAlnZ.png,2026-01-07T08:55:00-05:00,693536
245059,https://files.manuscdn.com/user_upload_by_module/session_file/310419663031980410/NVjpBvTZduqqJjxp.png,2026-01-07T08:55:05-05:00,718351
245062,https://files.manuscdn.com/user_upload_by_module/session_file/310419663031980410/vWtTFKiPBWfjpytz.png,2026-01-07T08:55:09-05:00,655610
245060,https://files.manuscdn.com/user_upload_by_module/session_file/310419663031980410/TzVvPzzNwghshhYm.png,2026-01-07T08:55:13-05:00,778011
245066,https://files.manuscdn.com/user_upload_by_module/session_file/310419663031980410/qBUmvKBbcLBltmbb.png,2026-01-07T08:55:17-05:00,723485
245064,https://files.manuscdn.com/user_upload_by_module/session_file/310419663031980410/SuIXBWaEAKuJmLgH.png,2026-01-07T08:55:22-05:00,848450
245067,https://files.manuscdn.com/user_upload_by_module/session_file/310419663031980410/muOqXxvUyszBVPMO.png,2026-01-07T08:55:26-05:00,661069
245063,https://files.manuscdn.com/user_upload_by_module/session_file/310419663031980410/EdyiiQpoFCiEZAtY.png,2026-01-07T08:55:31-05:00,883957
245065,https://files.manuscdn.com/user_upload_by_module/session_file/310419663031980410/FvrDtMwoSqMUnwKZ.png,2026-01-07T08:55:35-05:00,714575
245072,https://files.manuscdn.com/user_upload_by_module/session_file/310419663031980410/SpYDhRwnyqpWYqJh.png,2026-01-07T08:55:39-05:00,631571
245068,https://files.manuscdn.com/user_upload_by_module/session_file/310419663031980410/xNzBKlpWDQzrrart.png,2026-01-07T08:55:44-05:00,1031948
245070,https://files.manuscdn.com/user_upload_by_module/session_file/310419663031980410/TIFhvgshoScHPjsW.png,2026-01-07T08:55:48-05:00,736255
245071,https://files.manuscdn.com/user_upload_by_module/session_file/310419663031980410/eQOUECqixcyUMwvq.png,2026-01-07T08:55:52-05:00,691102
245069,https://files.manuscdn.com/user_upload_by_module/session_file/310419663031980410/HzhGOfYtaRENHkSR.png,2026-01-07T08:55:56-05:00,722086
AGIL-699968-301,https://files.manuscdn.com/user_upload_by_module/session_file/310419663031980410/TdUHvJMNLbIyeWDo.png,2026-01-07T08:56:00-05:00,672469
DAIC-80511,https://files.manuscdn.com/user_upload_by_module/session_file/310419663031980410/qMxwjCQCONitEmuC.png,2026-01-07T08:56:05-05:00,677866
DAIC-80592,https://files.manuscdn.com/user_upload_by_module/session_file/310419663031980410/tWDqvudlLMaOMeoo.png,2026-01-07T08:56:09-05:00,796390
DAIC-88592,https://files.manuscdn.com/user_upload_by_module/session_file/310419663031980410/kzVpJitbIlOhOFGw.png,2026-01-07T08:56:13-05:00,710438
DAIC-80593,https://files.manuscdn.com/user_upload_by_module/session_file/310419663031980410/URbmxzrQMHWaxVNm.png,2026-01-07T08:56:17-05:00,737230
DAIC-80523,https://files.manuscdn.com/user_upload_by_module/session_file/310419663031980410/fAcoEPwKXoSoBUdv.png,2026-01-07T08:56:22-05:00,660212
DAIC-80524,https://files.manuscdn.com/user_upload_by_module/session_file/310419663031980410/pDltwlZujPVCIlOU.png,2026-01-07T08:56:26-05:00,739005
DAIC-80522,https://files.manuscdn.com/user_upload_by_module/session_file/310419663031980410/uzSxsWXvvBphutBm.png,2026-01-07T08:56:30-05:00,228426
AGIL-121-1012,https://files.manuscdn.com/user_upload_by_module/session_file/310419663031980410/bbxyQjrWdMLNJebn.png,2026-01-07T08:56:34-05:00,995093
PHEN-7HK-G009-22,https://files.manuscdn.com/user_upload_by_module/session_file/310419663031980410/gjZoCcxHiAHneHhr.png,2026-01-07T08:56:38-05:00,1081399
